[{"folder":{"id":"65423303-ee1d-410d-ab1e-9dbcaddeb1ca"},"id":"33b45156-445c-470d-bb92-f78012c0d903","file_name":"Yprofile.jpg","title":"Ondrej Chrastina","size":37632,"type":"image/jpeg","url":"https://assets-us-01.kc-usercontent.com/65dafdc3-095a-00f6-76bb-3195d433e992/f76427b6-3b3b-4f00-8417-da9d7485a9cc/Yprofile.jpg","image_width":500,"image_height":500,"file_reference":{"id":"f76427b6-3b3b-4f00-8417-da9d7485a9cc","type":"internal"},"descriptions":[{"language":{"id":"00000000-0000-0000-0000-000000000000"},"description":"Ondrej Chrastina profile picture"},{"language":{"id":"3934ff29-c593-41e0-bbd3-3dacce6cd9ae"},"description":null}],"last_modified":"2019-08-26T18:01:05.1758945Z"},{"folder":{"id":"65423303-ee1d-410d-ab1e-9dbcaddeb1ca"},"id":"3750ddcb-8a46-4eab-9ef2-467d6c9cd2e0","file_name":"square.jpg","title":null,"size":41731,"type":"image/jpeg","url":"https://assets-us-01.kc-usercontent.com/65dafdc3-095a-00f6-76bb-3195d433e992/b16caeb1-2183-4d5b-8223-54c9522d3f8e/square.jpg","image_width":704,"image_height":704,"file_reference":{"id":"b16caeb1-2183-4d5b-8223-54c9522d3f8e","type":"internal"},"descriptions":[{"language":{"id":"00000000-0000-0000-0000-000000000000"},"description":null},{"language":{"id":"3934ff29-c593-41e0-bbd3-3dacce6cd9ae"},"description":null}],"last_modified":"2019-08-27T08:32:10.6203314Z"},{"id":"464a69a0-318e-4113-bb7d-f8a175a57224","file_name":"Octocat.png","title":null,"size":2131769,"type":"image/png","url":"https://assets-us-01.kc-usercontent.com/65dafdc3-095a-00f6-76bb-3195d433e992/b94bc50d-ed38-4af0-9f5c-3b7ed7ae6763/Octocat.png","image_width":800,"image_height":665,"file_reference":{"id":"b94bc50d-ed38-4af0-9f5c-3b7ed7ae6763","type":"internal"},"descriptions":[{"language":{"id":"00000000-0000-0000-0000-000000000000"},"description":null},{"language":{"id":"3934ff29-c593-41e0-bbd3-3dacce6cd9ae"},"description":null}],"last_modified":"2019-08-27T17:16:50.132266Z"},{"folder":{"id":"720558cb-d999-4746-bada-007b4a9dc265"},"id":"61c0e0c2-d933-443e-863b-cc2cf2775399","file_name":"GitHub-Mark-120px-plus.png","title":null,"size":4268,"type":"image/png","url":"https://assets-us-01.kc-usercontent.com/65dafdc3-095a-00f6-76bb-3195d433e992/777e6bcd-64cb-4831-8d41-067dead091f4/GitHub-Mark-120px-plus.png","image_width":120,"image_height":120,"file_reference":{"id":"777e6bcd-64cb-4831-8d41-067dead091f4","type":"internal"},"descriptions":[{"language":{"id":"00000000-0000-0000-0000-000000000000"},"description":null},{"language":{"id":"3934ff29-c593-41e0-bbd3-3dacce6cd9ae"},"description":null}],"last_modified":"2019-08-26T18:10:53.3622848Z"},{"folder":{"id":"65423303-ee1d-410d-ab1e-9dbcaddeb1ca"},"id":"b0963f7a-faf5-4514-a651-cc4844378ceb","file_name":"Full-Square.jpg","title":null,"size":63558,"type":"image/jpeg","url":"https://assets-us-01.kc-usercontent.com/65dafdc3-095a-00f6-76bb-3195d433e992/e01cb29a-5fa8-4678-b2cf-c5ba9d8e9094/Full-Square.jpg","image_width":700,"image_height":700,"file_reference":{"id":"e01cb29a-5fa8-4678-b2cf-c5ba9d8e9094","type":"internal"},"descriptions":[{"language":{"id":"00000000-0000-0000-0000-000000000000"},"description":null},{"language":{"id":"3934ff29-c593-41e0-bbd3-3dacce6cd9ae"},"description":null}],"last_modified":"2019-08-27T12:06:37.0595855Z"},{"folder":{"id":"65423303-ee1d-410d-ab1e-9dbcaddeb1ca"},"id":"b123c6f9-a2b9-4939-923a-5cc75cd4839d","file_name":"clovek_1.jpg","title":null,"size":155807,"type":"image/jpeg","url":"https://assets-us-01.kc-usercontent.com/65dafdc3-095a-00f6-76bb-3195d433e992/2bef5f2d-fe4c-42e6-ace9-a7eace781e43/clovek_1.jpg","image_width":1000,"image_height":1000,"file_reference":{"id":"2bef5f2d-fe4c-42e6-ace9-a7eace781e43","type":"internal"},"descriptions":[{"language":{"id":"00000000-0000-0000-0000-000000000000"},"description":null},{"language":{"id":"3934ff29-c593-41e0-bbd3-3dacce6cd9ae"},"description":null}],"last_modified":"2020-06-13T18:37:15.5059306Z"},{"folder":{"id":"65423303-ee1d-410d-ab1e-9dbcaddeb1ca"},"id":"b3f2f8fc-f811-4d2b-a29d-3b59ff1517d2","file_name":"makma).jpg","title":null,"size":50098,"type":"image/jpeg","url":"https://assets-us-01.kc-usercontent.com/65dafdc3-095a-00f6-76bb-3195d433e992/2a5d1e39-95d7-4ef2-b674-01ce6011a1b1/makma).jpg","image_width":460,"image_height":460,"file_reference":{"id":"2a5d1e39-95d7-4ef2-b674-01ce6011a1b1","type":"internal"},"descriptions":[{"language":{"id":"00000000-0000-0000-0000-000000000000"},"description":null},{"language":{"id":"3934ff29-c593-41e0-bbd3-3dacce6cd9ae"},"description":null}],"last_modified":"2019-08-28T13:07:52.2230186Z"},{"folder":{"id":"720558cb-d999-4746-bada-007b4a9dc265"},"id":"c9f1229e-f4ff-4d7e-a341-b195e76f3cac","file_name":"Twitter_Logo_Blue.png","title":null,"size":2091,"type":"image/png","url":"https://assets-us-01.kc-usercontent.com/65dafdc3-095a-00f6-76bb-3195d433e992/b32a3e87-d88f-4e98-b050-b0c2568a2831/Twitter_Logo_Blue.png","image_width":120,"image_height":120,"file_reference":{"id":"b32a3e87-d88f-4e98-b050-b0c2568a2831","type":"internal"},"descriptions":[{"language":{"id":"00000000-0000-0000-0000-000000000000"},"description":null},{"language":{"id":"3934ff29-c593-41e0-bbd3-3dacce6cd9ae"},"description":null}],"last_modified":"2019-08-26T18:13:54.3508224Z"}]