[{"id":"d3b237ec-24b1-4e07-aa36-798c2c184a60","name":"Ondřej Chrastina","codename":"ondrej_chrastina","type":{"id":"cae687ef-6548-4a14-9cfe-61145da72237"},"sitemap_locations":[],"last_modified":"2019-08-26T17:59:39.7614163Z"},{"id":"c0c63659-ced0-4622-9430-62ca29545aa2","name":"Vacation October","codename":"vacation_october","type":{"id":"dc3c3d74-cb9e-426c-8b6b-afe8a6588161"},"sitemap_locations":[],"last_modified":"2019-08-26T18:03:23.6392664Z"},{"id":"9b7c7311-11ad-4300-93a3-08d5439c0e47","name":"GraphQL certification","codename":"graphql_certification","type":{"id":"dc3c3d74-cb9e-426c-8b6b-afe8a6588161"},"sitemap_locations":[],"last_modified":"2019-08-26T18:05:08.3753369Z"},{"id":"a029df6c-f344-46cb-a43a-05948ab85fc8","name":"GitHub","codename":"github","type":{"id":"886c8e6c-29bf-44cc-ba94-c43859741151"},"sitemap_locations":[],"last_modified":"2019-08-26T18:09:15.7557062Z"},{"id":"324503fa-05eb-4a2b-9155-80587b5915a9","name":"Twitter","codename":"twitter","type":{"id":"886c8e6c-29bf-44cc-ba94-c43859741151"},"sitemap_locations":[],"last_modified":"2019-08-26T18:20:14.16892Z"},{"id":"48aa7306-a7d0-4278-9e3a-2ac91f58cda1","name":"Petr Švihlík","codename":"petr_svihlik","type":{"id":"cae687ef-6548-4a14-9cfe-61145da72237"},"sitemap_locations":[],"last_modified":"2019-08-27T07:28:25.7526241Z"},{"id":"b50c9a8a-28fa-42e4-bc72-6f5a39f1862b","name":"Martin Makarský","codename":"martin_makarsky","type":{"id":"cae687ef-6548-4a14-9cfe-61145da72237"},"sitemap_locations":[],"last_modified":"2019-08-27T07:28:42.9520053Z"},{"id":"ceff6ccf-d4ec-4b5d-a0c0-ae1c4276abb9","name":"Chris Jennings","codename":"chris_jennings","type":{"id":"cae687ef-6548-4a14-9cfe-61145da72237"},"sitemap_locations":[],"last_modified":"2019-08-27T07:29:07.1171912Z"},{"id":"c2ba66cf-32fa-41a4-95d2-2ed1120a6519","name":"John Doe","codename":"john_doe","type":{"id":"cae687ef-6548-4a14-9cfe-61145da72237"},"sitemap_locations":[],"last_modified":"2020-06-13T18:32:25.502848Z"}]