[{"id":"dc3c3d74-cb9e-426c-8b6b-afe8a6588161","codename":"note","last_modified":"2019-08-26T17:56:43.1831565Z","name":"Note","content_groups":[],"elements":[{"maximum_text_length":null,"name":"Title","guidelines":null,"is_required":true,"type":"text","id":"2741e93d-038b-4045-a0bc-b3f9d9af23c9","codename":"title"},{"maximum_text_length":null,"maximum_image_size":null,"allowed_content_types":[],"image_width_limit":null,"image_height_limit":null,"allowed_image_types":"any","allowed_blocks":[],"allowed_formatting":[],"allowed_text_blocks":[],"allowed_table_blocks":["text"],"allowed_table_formatting":[],"allowed_table_text_blocks":["paragraph"],"name":"Text","guidelines":null,"is_required":false,"type":"rich_text","id":"5fb7cb2c-22ea-4ad0-96ac-39f89c98b1f0","codename":"text"}]},{"id":"7bdd3d3d-3a0b-45b7-9c2a-267fdca27a68","codename":"social_media_account","last_modified":"2019-09-19T09:12:48.5685331Z","name":"Social media account","content_groups":[],"elements":[{"item_count_limit":{"value":1,"condition":"exactly"},"allowed_content_types":[{"id":"886c8e6c-29bf-44cc-ba94-c43859741151"}],"name":"Social media","guidelines":null,"is_required":true,"type":"modular_content","id":"d06f3448-61bf-4e28-8f98-81d4ee3c5c72","codename":"social_media"},{"maximum_text_length":null,"name":"Handle","guidelines":null,"is_required":false,"type":"text","id":"edfcd164-9a8b-4db8-b736-77add5ca930e","codename":"handle"}]},{"id":"886c8e6c-29bf-44cc-ba94-c43859741151","codename":"social_media_type","last_modified":"2019-08-26T18:08:38.1201403Z","name":"Social media type","content_groups":[],"elements":[{"maximum_text_length":null,"name":"Title","guidelines":null,"is_required":false,"type":"text","id":"1953274d-9a1d-4211-8e2b-aaa9a316fd92","codename":"title"},{"asset_count_limit":{"value":1,"condition":"exactly"},"maximum_file_size":null,"allowed_file_types":"any","image_width_limit":null,"image_height_limit":null,"name":"Icon","guidelines":null,"is_required":true,"type":"asset","id":"e1d16347-61e0-4129-9f86-b6b1b20a34fa","codename":"icon"}]},{"id":"cae687ef-6548-4a14-9cfe-61145da72237","codename":"person","last_modified":"2019-09-18T21:54:53.9927804Z","name":"Person","content_groups":[{"id":"00000000-0000-0000-0000-000000000000","name":"Content","codename":"content"},{"id":"9d87a1fb-9120-44de-b0df-d4336e61a139","name":"Personal space","codename":"personal_space"}],"elements":[{"maximum_text_length":null,"name":"Name","guidelines":null,"is_required":true,"type":"text","id":"b739781c-3375-4dc8-b0b7-ab76e3885fe6","codename":"name","content_group":{"id":"00000000-0000-0000-0000-000000000000"}},{"maximum_text_length":null,"name":"Surname","guidelines":null,"is_required":true,"type":"text","id":"e286606a-6e30-4560-b7a1-129e183f9bd6","codename":"surname","content_group":{"id":"00000000-0000-0000-0000-000000000000"}},{"name":"Date of birth","guidelines":null,"is_required":false,"type":"date_time","id":"3466fcc6-78a2-4638-8cbc-e5e4cb948905","codename":"date_of_birth","content_group":{"id":"00000000-0000-0000-0000-000000000000"}},{"depends_on":{"element":{"id":"e286606a-6e30-4560-b7a1-129e183f9bd6"}},"name":"UrlSlug","guidelines":null,"is_required":true,"type":"url_slug","id":"c28c6820-eb73-45c1-9aff-2c5520aca590","codename":"urlslug","content_group":{"id":"00000000-0000-0000-0000-000000000000"}},{"asset_count_limit":{"value":1,"condition":"at_most"},"maximum_file_size":null,"allowed_file_types":"any","image_width_limit":{"value":250,"condition":"at_least"},"image_height_limit":{"value":250,"condition":"at_least"},"name":"Profile picture","guidelines":null,"is_required":true,"type":"asset","id":"45f193eb-3d04-4fd9-944a-33203ac409be","codename":"profile_picture","content_group":{"id":"9d87a1fb-9120-44de-b0df-d4336e61a139"}},{"mode":"single","options":[{"id":"5d2c2223-2cf1-4217-b181-225057f0c3ea","codename":"yes","name":"Yes"},{"id":"2607e352-f371-487a-b6b6-eaf1f7f2257d","codename":"no","name":"No"}],"name":"List in portal","guidelines":null,"is_required":true,"type":"multiple_choice","id":"f60944dc-60c2-4a49-84e7-a30cbfe7d11f","codename":"list_in_portal","content_group":{"id":"9d87a1fb-9120-44de-b0df-d4336e61a139"}},{"maximum_text_length":null,"maximum_image_size":null,"allowed_content_types":[{"id":"7bdd3d3d-3a0b-45b7-9c2a-267fdca27a68"}],"image_width_limit":null,"image_height_limit":null,"allowed_image_types":"any","allowed_blocks":[],"allowed_formatting":[],"allowed_text_blocks":[],"allowed_table_blocks":["text"],"allowed_table_formatting":[],"allowed_table_text_blocks":["paragraph"],"name":"Bio","guidelines":null,"is_required":false,"type":"rich_text","id":"672a4091-95d8-45ba-939a-be96b565c9f1","codename":"bio","content_group":{"id":"9d87a1fb-9120-44de-b0df-d4336e61a139"}},{"item_count_limit":null,"allowed_content_types":[{"id":"dc3c3d74-cb9e-426c-8b6b-afe8a6588161"}],"name":"Pinned notes","guidelines":null,"is_required":false,"type":"modular_content","id":"5827e322-8368-49a4-9e65-c89417b92360","codename":"pinned_notes","content_group":{"id":"9d87a1fb-9120-44de-b0df-d4336e61a139"}}]}]