[{"elements":[{"element":{"id":"2741e93d-038b-4045-a0bc-b3f9d9af23c9"},"value":"Vacation in October"},{"components":[],"element":{"id":"5fb7cb2c-22ea-4ad0-96ac-39f89c98b1f0"},"value":"<p>I am about to be on vacation from 2nd of October to 24th of October!</p>"}],"workflow_step":{"id":"c199950d-99f0-4983-b711-6c4c91624b22"},"item":{"id":"c0c63659-ced0-4622-9430-62ca29545aa2"},"language":{"id":"00000000-0000-0000-0000-000000000000"},"last_modified":"2019-08-26T18:03:47.7249499Z"},{"elements":[{"element":{"id":"2741e93d-038b-4045-a0bc-b3f9d9af23c9"},"value":"GraphQL certification"},{"components":[],"element":{"id":"5fb7cb2c-22ea-4ad0-96ac-39f89c98b1f0"},"value":"<p>I have just finished GraphQL level certification - feel free to contact me if you want to know any insights.</p>"}],"workflow_step":{"id":"c199950d-99f0-4983-b711-6c4c91624b22"},"item":{"id":"9b7c7311-11ad-4300-93a3-08d5439c0e47"},"language":{"id":"00000000-0000-0000-0000-000000000000"},"last_modified":"2019-08-26T18:05:42.0309835Z"},{"elements":[{"element":{"id":"2741e93d-038b-4045-a0bc-b3f9d9af23c9"},"value":"Dovolená v říjnu"},{"components":[],"element":{"id":"5fb7cb2c-22ea-4ad0-96ac-39f89c98b1f0"},"value":"<p>Budu na dovolené 2.- 28. října.</p>"}],"workflow_step":{"id":"c199950d-99f0-4983-b711-6c4c91624b22"},"item":{"id":"c0c63659-ced0-4622-9430-62ca29545aa2"},"language":{"id":"3934ff29-c593-41e0-bbd3-3dacce6cd9ae"},"last_modified":"2019-10-02T09:04:22.5052349Z"},{"elements":[{"element":{"id":"2741e93d-038b-4045-a0bc-b3f9d9af23c9"},"value":"GraphQL certifikát"},{"components":[],"element":{"id":"5fb7cb2c-22ea-4ad0-96ac-39f89c98b1f0"},"value":"<p>Právě jsem dokončil GraphQL certifikaci - kdybyste se chtěli na něco zeptat, směle do toho, pokusím se Vám poradit.</p>"}],"workflow_step":{"id":"c199950d-99f0-4983-b711-6c4c91624b22"},"item":{"id":"9b7c7311-11ad-4300-93a3-08d5439c0e47"},"language":{"id":"3934ff29-c593-41e0-bbd3-3dacce6cd9ae"},"last_modified":"2019-10-02T09:05:38.5266816Z"},{"elements":[{"element":{"id":"b739781c-3375-4dc8-b0b7-ab76e3885fe6"},"value":"Ondřej"},{"element":{"id":"e286606a-6e30-4560-b7a1-129e183f9bd6"},"value":"Chrastina"},{"element":{"id":"3466fcc6-78a2-4638-8cbc-e5e4cb948905"},"value":"1991-07-24T00:00:00Z"},{"mode":"autogenerated","element":{"id":"c28c6820-eb73-45c1-9aff-2c5520aca590"},"value":"chrastina"},{"element":{"id":"45f193eb-3d04-4fd9-944a-33203ac409be"},"value":[{"id":"33b45156-445c-470d-bb92-f78012c0d903"}]},{"element":{"id":"f60944dc-60c2-4a49-84e7-a30cbfe7d11f"},"value":[{"id":"5d2c2223-2cf1-4217-b181-225057f0c3ea"}]},{"components":[{"id":"c3554ac5-af9b-4719-a22c-fd7b603a1fe0","type":{"id":"7bdd3d3d-3a0b-45b7-9c2a-267fdca27a68"},"elements":[{"element":{"id":"d06f3448-61bf-4e28-8f98-81d4ee3c5c72"},"value":[{"id":"a029df6c-f344-46cb-a43a-05948ab85fc8"}]},{"element":{"id":"edfcd164-9a8b-4db8-b736-77add5ca930e"},"value":"Simply007"}]},{"id":"4e49b7ce-3ca4-4e10-8a40-c42e0cce5377","type":{"id":"7bdd3d3d-3a0b-45b7-9c2a-267fdca27a68"},"elements":[{"element":{"id":"d06f3448-61bf-4e28-8f98-81d4ee3c5c72"},"value":[{"id":"324503fa-05eb-4a2b-9155-80587b5915a9"}]},{"element":{"id":"edfcd164-9a8b-4db8-b736-77add5ca930e"},"value":"ChrastinaOndrej"}]}],"element":{"id":"672a4091-95d8-45ba-939a-be96b565c9f1"},"value":"<p>Hello, my name is Ondřej, I work as a Developer Advocate in Developer Relations with <a data-item-id=\"48aa7306-a7d0-4278-9e3a-2ac91f58cda1\">Petr Švihlík</a>.<br/>\n<br/>\nI do love GitHub!</p>\n<figure data-asset-id=\"464a69a0-318e-4113-bb7d-f8a175a57224\"><img src=\"#\" data-asset-id=\"464a69a0-318e-4113-bb7d-f8a175a57224\"></figure>\n<p><br/>\nThere is my social presence:</p>\n<object type=\"application/kenticocloud\" data-type=\"component\" data-id=\"c3554ac5-af9b-4719-a22c-fd7b603a1fe0\"></object>\n<object type=\"application/kenticocloud\" data-type=\"component\" data-id=\"4e49b7ce-3ca4-4e10-8a40-c42e0cce5377\"></object>\n<p><br/></p>"},{"element":{"id":"5827e322-8368-49a4-9e65-c89417b92360"},"value":[{"id":"c0c63659-ced0-4622-9430-62ca29545aa2"},{"id":"9b7c7311-11ad-4300-93a3-08d5439c0e47"}]}],"workflow_step":{"id":"c199950d-99f0-4983-b711-6c4c91624b22"},"item":{"id":"d3b237ec-24b1-4e07-aa36-798c2c184a60"},"language":{"id":"00000000-0000-0000-0000-000000000000"},"last_modified":"2019-10-15T04:08:13.1132149Z"},{"elements":[{"element":{"id":"b739781c-3375-4dc8-b0b7-ab76e3885fe6"},"value":"Petr"},{"element":{"id":"e286606a-6e30-4560-b7a1-129e183f9bd6"},"value":"Švihlík"},{"element":{"id":"3466fcc6-78a2-4638-8cbc-e5e4cb948905"},"value":"1987-01-30T00:00:00Z"},{"mode":"autogenerated","element":{"id":"c28c6820-eb73-45c1-9aff-2c5520aca590"},"value":"svihlik"},{"element":{"id":"45f193eb-3d04-4fd9-944a-33203ac409be"},"value":[{"id":"3750ddcb-8a46-4eab-9ef2-467d6c9cd2e0"}]},{"element":{"id":"f60944dc-60c2-4a49-84e7-a30cbfe7d11f"},"value":[{"id":"5d2c2223-2cf1-4217-b181-225057f0c3ea"}]},{"components":[{"id":"563baa8b-6e78-48ef-a320-4b4e561f7485","type":{"id":"7bdd3d3d-3a0b-45b7-9c2a-267fdca27a68"},"elements":[{"element":{"id":"d06f3448-61bf-4e28-8f98-81d4ee3c5c72"},"value":[{"id":"a029df6c-f344-46cb-a43a-05948ab85fc8"}]},{"element":{"id":"edfcd164-9a8b-4db8-b736-77add5ca930e"},"value":"PetrSvihlik"}]},{"id":"3dd0cfcf-efab-40e9-bdbf-f4e4fb11dc05","type":{"id":"7bdd3d3d-3a0b-45b7-9c2a-267fdca27a68"},"elements":[{"element":{"id":"d06f3448-61bf-4e28-8f98-81d4ee3c5c72"},"value":[{"id":"324503fa-05eb-4a2b-9155-80587b5915a9"}]},{"element":{"id":"edfcd164-9a8b-4db8-b736-77add5ca930e"},"value":"PetrSvihlik"}]}],"element":{"id":"672a4091-95d8-45ba-939a-be96b565c9f1"},"value":"<p>Petr leads the Developer Relations team at Kentico. Before his step into DevRel, he led one of the development teams working on Kentico EMS.</p>\n<p><br/></p>\n<p>During his four-year-long mission in the Netherlands, he realized that helping developers and seeing them succeed brings him most joy so he established the DevRel practice in Kentico. The team’s ultimate vision is to make developers working with Kentico products love their jobs.</p>\n<p><br/></p>\n<p>Petr’s all-time favorite stack is .NET. Recently, he’s been playing around with experimental .NET projects such as Blazor and Peachpie. In his spare time, he enjoys traveling, hiking, and feeding raccoons.</p>\n<object type=\"application/kenticocloud\" data-type=\"component\" data-id=\"563baa8b-6e78-48ef-a320-4b4e561f7485\"></object>\n<object type=\"application/kenticocloud\" data-type=\"component\" data-id=\"3dd0cfcf-efab-40e9-bdbf-f4e4fb11dc05\"></object>\n<p><br/></p>"},{"element":{"id":"5827e322-8368-49a4-9e65-c89417b92360"},"value":[]}],"workflow_step":{"id":"c199950d-99f0-4983-b711-6c4c91624b22"},"item":{"id":"48aa7306-a7d0-4278-9e3a-2ac91f58cda1"},"language":{"id":"00000000-0000-0000-0000-000000000000"},"last_modified":"2019-11-14T08:42:30.0792577Z"},{"elements":[{"element":{"id":"b739781c-3375-4dc8-b0b7-ab76e3885fe6"},"value":"Chris"},{"element":{"id":"e286606a-6e30-4560-b7a1-129e183f9bd6"},"value":"Jennings"},{"element":{"id":"3466fcc6-78a2-4638-8cbc-e5e4cb948905"},"value":null},{"mode":"autogenerated","element":{"id":"c28c6820-eb73-45c1-9aff-2c5520aca590"},"value":"jennings"},{"element":{"id":"45f193eb-3d04-4fd9-944a-33203ac409be"},"value":[{"id":"b0963f7a-faf5-4514-a651-cc4844378ceb"}]},{"element":{"id":"f60944dc-60c2-4a49-84e7-a30cbfe7d11f"},"value":[{"id":"2607e352-f371-487a-b6b6-eaf1f7f2257d"}]},{"components":[{"id":"ee533221-9b92-4358-8ecf-f59eab6a4ab3","type":{"id":"7bdd3d3d-3a0b-45b7-9c2a-267fdca27a68"},"elements":[{"element":{"id":"d06f3448-61bf-4e28-8f98-81d4ee3c5c72"},"value":[{"id":"a029df6c-f344-46cb-a43a-05948ab85fc8"}]},{"element":{"id":"edfcd164-9a8b-4db8-b736-77add5ca930e"},"value":"ChristopherJennings"}]}],"element":{"id":"672a4091-95d8-45ba-939a-be96b565c9f1"},"value":"<p>I joined Kentico in 2015 after 5 years developing customer websites on the platform. My background as an implementer gives me a different perspective that I leverage to make Kentico even better.</p>\n<object type=\"application/kenticocloud\" data-type=\"component\" data-id=\"ee533221-9b92-4358-8ecf-f59eab6a4ab3\"></object>"},{"element":{"id":"5827e322-8368-49a4-9e65-c89417b92360"},"value":[]}],"workflow_step":{"id":"c199950d-99f0-4983-b711-6c4c91624b22"},"item":{"id":"ceff6ccf-d4ec-4b5d-a0c0-ae1c4276abb9"},"language":{"id":"00000000-0000-0000-0000-000000000000"},"last_modified":"2020-06-15T07:47:48.0853811Z"},{"elements":[{"element":{"id":"b739781c-3375-4dc8-b0b7-ab76e3885fe6"},"value":"(CZ) Ondřej"},{"element":{"id":"e286606a-6e30-4560-b7a1-129e183f9bd6"},"value":"Chrastina"},{"element":{"id":"3466fcc6-78a2-4638-8cbc-e5e4cb948905"},"value":"1991-07-24T00:00:00Z"},{"mode":"autogenerated","element":{"id":"c28c6820-eb73-45c1-9aff-2c5520aca590"},"value":"chrastina"},{"element":{"id":"45f193eb-3d04-4fd9-944a-33203ac409be"},"value":[{"id":"33b45156-445c-470d-bb92-f78012c0d903"}]},{"element":{"id":"f60944dc-60c2-4a49-84e7-a30cbfe7d11f"},"value":[{"id":"5d2c2223-2cf1-4217-b181-225057f0c3ea"}]},{"components":[{"id":"c3554ac5-af9b-4719-a22c-fd7b603a1fe0","type":{"id":"7bdd3d3d-3a0b-45b7-9c2a-267fdca27a68"},"elements":[{"element":{"id":"d06f3448-61bf-4e28-8f98-81d4ee3c5c72"},"value":[{"id":"a029df6c-f344-46cb-a43a-05948ab85fc8"}]},{"element":{"id":"edfcd164-9a8b-4db8-b736-77add5ca930e"},"value":"Simply007"}]},{"id":"4e49b7ce-3ca4-4e10-8a40-c42e0cce5377","type":{"id":"7bdd3d3d-3a0b-45b7-9c2a-267fdca27a68"},"elements":[{"element":{"id":"d06f3448-61bf-4e28-8f98-81d4ee3c5c72"},"value":[{"id":"324503fa-05eb-4a2b-9155-80587b5915a9"}]},{"element":{"id":"edfcd164-9a8b-4db8-b736-77add5ca930e"},"value":"ChrastinaOndrej"}]}],"element":{"id":"672a4091-95d8-45ba-939a-be96b565c9f1"},"value":"<p>Ahoj, jmenuji se Ondřej a pracuju jako Developer Advocate v Developer Relations týmu s <a data-item-id=\"48aa7306-a7d0-4278-9e3a-2ac91f58cda1\">Petrem Švihlíkem</a>.<br/>\n<br/>\nMám rád GitHub!</p>\n<figure data-asset-id=\"464a69a0-318e-4113-bb7d-f8a175a57224\"><img src=\"#\" data-asset-id=\"464a69a0-318e-4113-bb7d-f8a175a57224\"></figure>\n<p><br/>\nThere is my social presence:</p>\n<object type=\"application/kenticocloud\" data-type=\"component\" data-id=\"c3554ac5-af9b-4719-a22c-fd7b603a1fe0\"></object>\n<object type=\"application/kenticocloud\" data-type=\"component\" data-id=\"4e49b7ce-3ca4-4e10-8a40-c42e0cce5377\"></object>\n<p><br/></p>"},{"element":{"id":"5827e322-8368-49a4-9e65-c89417b92360"},"value":[{"id":"c0c63659-ced0-4622-9430-62ca29545aa2"},{"id":"9b7c7311-11ad-4300-93a3-08d5439c0e47"}]}],"workflow_step":{"id":"c199950d-99f0-4983-b711-6c4c91624b22"},"item":{"id":"d3b237ec-24b1-4e07-aa36-798c2c184a60"},"language":{"id":"3934ff29-c593-41e0-bbd3-3dacce6cd9ae"},"last_modified":"2020-06-15T08:19:17.8955973Z"},{"elements":[{"element":{"id":"1953274d-9a1d-4211-8e2b-aaa9a316fd92"},"value":"GitHub"},{"element":{"id":"e1d16347-61e0-4129-9f86-b6b1b20a34fa"},"value":[{"id":"61c0e0c2-d933-443e-863b-cc2cf2775399"}]}],"workflow_step":{"id":"c199950d-99f0-4983-b711-6c4c91624b22"},"item":{"id":"a029df6c-f344-46cb-a43a-05948ab85fc8"},"language":{"id":"00000000-0000-0000-0000-000000000000"},"last_modified":"2019-08-26T18:12:24.1946107Z"},{"elements":[{"element":{"id":"1953274d-9a1d-4211-8e2b-aaa9a316fd92"},"value":"Twitter"},{"element":{"id":"e1d16347-61e0-4129-9f86-b6b1b20a34fa"},"value":[{"id":"c9f1229e-f4ff-4d7e-a341-b195e76f3cac"}]}],"workflow_step":{"id":"c199950d-99f0-4983-b711-6c4c91624b22"},"item":{"id":"324503fa-05eb-4a2b-9155-80587b5915a9"},"language":{"id":"00000000-0000-0000-0000-000000000000"},"last_modified":"2019-08-26T18:20:20.8727732Z"},{"elements":[{"element":{"id":"1953274d-9a1d-4211-8e2b-aaa9a316fd92"},"value":"GitHub"},{"element":{"id":"e1d16347-61e0-4129-9f86-b6b1b20a34fa"},"value":[{"id":"61c0e0c2-d933-443e-863b-cc2cf2775399"}]}],"workflow_step":{"id":"c199950d-99f0-4983-b711-6c4c91624b22"},"item":{"id":"a029df6c-f344-46cb-a43a-05948ab85fc8"},"language":{"id":"3934ff29-c593-41e0-bbd3-3dacce6cd9ae"},"last_modified":"2019-11-12T12:14:01.3745752Z"},{"elements":[{"element":{"id":"1953274d-9a1d-4211-8e2b-aaa9a316fd92"},"value":"Twitter"},{"element":{"id":"e1d16347-61e0-4129-9f86-b6b1b20a34fa"},"value":[{"id":"c9f1229e-f4ff-4d7e-a341-b195e76f3cac"}]}],"workflow_step":{"id":"c199950d-99f0-4983-b711-6c4c91624b22"},"item":{"id":"324503fa-05eb-4a2b-9155-80587b5915a9"},"language":{"id":"3934ff29-c593-41e0-bbd3-3dacce6cd9ae"},"last_modified":"2019-11-12T12:14:16.6010452Z"},{"elements":[{"element":{"id":"b739781c-3375-4dc8-b0b7-ab76e3885fe6"},"value":"Ondřej"},{"element":{"id":"e286606a-6e30-4560-b7a1-129e183f9bd6"},"value":"Chrastina"},{"element":{"id":"3466fcc6-78a2-4638-8cbc-e5e4cb948905"},"value":"1991-07-24T00:00:00Z"},{"mode":"autogenerated","element":{"id":"c28c6820-eb73-45c1-9aff-2c5520aca590"},"value":"chrastina"},{"element":{"id":"45f193eb-3d04-4fd9-944a-33203ac409be"},"value":[{"id":"33b45156-445c-470d-bb92-f78012c0d903"}]},{"element":{"id":"f60944dc-60c2-4a49-84e7-a30cbfe7d11f"},"value":[{"id":"5d2c2223-2cf1-4217-b181-225057f0c3ea"}]},{"components":[{"id":"c3554ac5-af9b-4719-a22c-fd7b603a1fe0","type":{"id":"7bdd3d3d-3a0b-45b7-9c2a-267fdca27a68"},"elements":[{"element":{"id":"d06f3448-61bf-4e28-8f98-81d4ee3c5c72"},"value":[{"id":"a029df6c-f344-46cb-a43a-05948ab85fc8"}]},{"element":{"id":"edfcd164-9a8b-4db8-b736-77add5ca930e"},"value":"Simply007"}]},{"id":"4e49b7ce-3ca4-4e10-8a40-c42e0cce5377","type":{"id":"7bdd3d3d-3a0b-45b7-9c2a-267fdca27a68"},"elements":[{"element":{"id":"d06f3448-61bf-4e28-8f98-81d4ee3c5c72"},"value":[{"id":"324503fa-05eb-4a2b-9155-80587b5915a9"}]},{"element":{"id":"edfcd164-9a8b-4db8-b736-77add5ca930e"},"value":"ChrastinaOndrej"}]}],"element":{"id":"672a4091-95d8-45ba-939a-be96b565c9f1"},"value":"<p>Hello, my name is Ondřej, I work as a Developer Advocate in Developer Relations with <a data-item-id=\"48aa7306-a7d0-4278-9e3a-2ac91f58cda1\">Petr Švihlík</a>.<br/>\n<br/>\nI do love GitHub!</p>\n<figure data-asset-id=\"464a69a0-318e-4113-bb7d-f8a175a57224\"><img src=\"#\" data-asset-id=\"464a69a0-318e-4113-bb7d-f8a175a57224\"></figure>\n<p><br/>\nThere is my social presence:</p>\n<object type=\"application/kenticocloud\" data-type=\"component\" data-id=\"c3554ac5-af9b-4719-a22c-fd7b603a1fe0\"></object>\n<object type=\"application/kenticocloud\" data-type=\"component\" data-id=\"4e49b7ce-3ca4-4e10-8a40-c42e0cce5377\"></object>\n<p><br/></p>"},{"element":{"id":"5827e322-8368-49a4-9e65-c89417b92360"},"value":[{"id":"c0c63659-ced0-4622-9430-62ca29545aa2"},{"id":"9b7c7311-11ad-4300-93a3-08d5439c0e47"}]}],"workflow_step":{"id":"c199950d-99f0-4983-b711-6c4c91624b22"},"item":{"id":"d3b237ec-24b1-4e07-aa36-798c2c184a60"},"language":{"id":"00000000-0000-0000-0000-000000000000"},"last_modified":"2019-10-15T04:08:13.1132149Z"},{"elements":[{"element":{"id":"b739781c-3375-4dc8-b0b7-ab76e3885fe6"},"value":"Petr"},{"element":{"id":"e286606a-6e30-4560-b7a1-129e183f9bd6"},"value":"Švihlík"},{"element":{"id":"3466fcc6-78a2-4638-8cbc-e5e4cb948905"},"value":"1987-01-30T00:00:00Z"},{"mode":"autogenerated","element":{"id":"c28c6820-eb73-45c1-9aff-2c5520aca590"},"value":"svihlik"},{"element":{"id":"45f193eb-3d04-4fd9-944a-33203ac409be"},"value":[{"id":"3750ddcb-8a46-4eab-9ef2-467d6c9cd2e0"}]},{"element":{"id":"f60944dc-60c2-4a49-84e7-a30cbfe7d11f"},"value":[{"id":"5d2c2223-2cf1-4217-b181-225057f0c3ea"}]},{"components":[{"id":"563baa8b-6e78-48ef-a320-4b4e561f7485","type":{"id":"7bdd3d3d-3a0b-45b7-9c2a-267fdca27a68"},"elements":[{"element":{"id":"d06f3448-61bf-4e28-8f98-81d4ee3c5c72"},"value":[{"id":"a029df6c-f344-46cb-a43a-05948ab85fc8"}]},{"element":{"id":"edfcd164-9a8b-4db8-b736-77add5ca930e"},"value":"PetrSvihlik"}]},{"id":"3dd0cfcf-efab-40e9-bdbf-f4e4fb11dc05","type":{"id":"7bdd3d3d-3a0b-45b7-9c2a-267fdca27a68"},"elements":[{"element":{"id":"d06f3448-61bf-4e28-8f98-81d4ee3c5c72"},"value":[{"id":"324503fa-05eb-4a2b-9155-80587b5915a9"}]},{"element":{"id":"edfcd164-9a8b-4db8-b736-77add5ca930e"},"value":"PetrSvihlik"}]}],"element":{"id":"672a4091-95d8-45ba-939a-be96b565c9f1"},"value":"<p>Petr leads the Developer Relations team at Kentico. Before his step into DevRel, he led one of the development teams working on Kentico EMS.</p>\n<p><br/></p>\n<p>During his four-year-long mission in the Netherlands, he realized that helping developers and seeing them succeed brings him most joy so he established the DevRel practice in Kentico. The team’s ultimate vision is to make developers working with Kentico products love their jobs.</p>\n<p><br/></p>\n<p>Petr’s all-time favorite stack is .NET. Recently, he’s been playing around with experimental .NET projects such as Blazor and Peachpie. In his spare time, he enjoys traveling, hiking, and feeding raccoons.</p>\n<object type=\"application/kenticocloud\" data-type=\"component\" data-id=\"563baa8b-6e78-48ef-a320-4b4e561f7485\"></object>\n<object type=\"application/kenticocloud\" data-type=\"component\" data-id=\"3dd0cfcf-efab-40e9-bdbf-f4e4fb11dc05\"></object>\n<p><br/></p>"},{"element":{"id":"5827e322-8368-49a4-9e65-c89417b92360"},"value":[]}],"workflow_step":{"id":"c199950d-99f0-4983-b711-6c4c91624b22"},"item":{"id":"48aa7306-a7d0-4278-9e3a-2ac91f58cda1"},"language":{"id":"00000000-0000-0000-0000-000000000000"},"last_modified":"2019-11-14T08:42:30.0792577Z"},{"elements":[{"element":{"id":"b739781c-3375-4dc8-b0b7-ab76e3885fe6"},"value":"Martin"},{"element":{"id":"e286606a-6e30-4560-b7a1-129e183f9bd6"},"value":"Makarský"},{"element":{"id":"3466fcc6-78a2-4638-8cbc-e5e4cb948905"},"value":null},{"mode":"autogenerated","element":{"id":"c28c6820-eb73-45c1-9aff-2c5520aca590"},"value":"makarsky"},{"element":{"id":"45f193eb-3d04-4fd9-944a-33203ac409be"},"value":[{"id":"b3f2f8fc-f811-4d2b-a29d-3b59ff1517d2"}]},{"element":{"id":"f60944dc-60c2-4a49-84e7-a30cbfe7d11f"},"value":[{"id":"5d2c2223-2cf1-4217-b181-225057f0c3ea"}]},{"components":[],"element":{"id":"672a4091-95d8-45ba-939a-be96b565c9f1"},"value":"<p>Iʼm a Developer Advocate at Kentico Kontent. During the day, my mission is&nbsp;to try to find ways to help people with code. At nights, Iʼm&nbsp;hacking at first glance incompatible pieces into meaningful structures.</p>"},{"element":{"id":"5827e322-8368-49a4-9e65-c89417b92360"},"value":[]}],"workflow_step":{"id":"c199950d-99f0-4983-b711-6c4c91624b22"},"item":{"id":"b50c9a8a-28fa-42e4-bc72-6f5a39f1862b"},"language":{"id":"00000000-0000-0000-0000-000000000000"},"last_modified":"2020-06-13T17:45:56.71848Z"},{"elements":[{"element":{"id":"b739781c-3375-4dc8-b0b7-ab76e3885fe6"},"value":"Chris"},{"element":{"id":"e286606a-6e30-4560-b7a1-129e183f9bd6"},"value":"Jennings"},{"element":{"id":"3466fcc6-78a2-4638-8cbc-e5e4cb948905"},"value":null},{"mode":"autogenerated","element":{"id":"c28c6820-eb73-45c1-9aff-2c5520aca590"},"value":"jennings"},{"element":{"id":"45f193eb-3d04-4fd9-944a-33203ac409be"},"value":[{"id":"b0963f7a-faf5-4514-a651-cc4844378ceb"}]},{"element":{"id":"f60944dc-60c2-4a49-84e7-a30cbfe7d11f"},"value":[{"id":"2607e352-f371-487a-b6b6-eaf1f7f2257d"}]},{"components":[{"id":"ee533221-9b92-4358-8ecf-f59eab6a4ab3","type":{"id":"7bdd3d3d-3a0b-45b7-9c2a-267fdca27a68"},"elements":[{"element":{"id":"d06f3448-61bf-4e28-8f98-81d4ee3c5c72"},"value":[{"id":"a029df6c-f344-46cb-a43a-05948ab85fc8"}]},{"element":{"id":"edfcd164-9a8b-4db8-b736-77add5ca930e"},"value":"ChristopherJennings"}]}],"element":{"id":"672a4091-95d8-45ba-939a-be96b565c9f1"},"value":"<p>I joined Kentico in 2015 after 5 years developing customer websites on the platform. My background as an implementer gives me a different perspective that I leverage to make Kentico even better.</p>\n<object type=\"application/kenticocloud\" data-type=\"component\" data-id=\"ee533221-9b92-4358-8ecf-f59eab6a4ab3\"></object>"},{"element":{"id":"5827e322-8368-49a4-9e65-c89417b92360"},"value":[]}],"workflow_step":{"id":"c199950d-99f0-4983-b711-6c4c91624b22"},"item":{"id":"ceff6ccf-d4ec-4b5d-a0c0-ae1c4276abb9"},"language":{"id":"00000000-0000-0000-0000-000000000000"},"last_modified":"2020-06-15T07:47:48.0853811Z"},{"elements":[{"element":{"id":"b739781c-3375-4dc8-b0b7-ab76e3885fe6"},"value":"(CZ) Ondřej"},{"element":{"id":"e286606a-6e30-4560-b7a1-129e183f9bd6"},"value":"Chrastina"},{"element":{"id":"3466fcc6-78a2-4638-8cbc-e5e4cb948905"},"value":"1991-07-24T00:00:00Z"},{"mode":"autogenerated","element":{"id":"c28c6820-eb73-45c1-9aff-2c5520aca590"},"value":"chrastina"},{"element":{"id":"45f193eb-3d04-4fd9-944a-33203ac409be"},"value":[{"id":"33b45156-445c-470d-bb92-f78012c0d903"}]},{"element":{"id":"f60944dc-60c2-4a49-84e7-a30cbfe7d11f"},"value":[{"id":"5d2c2223-2cf1-4217-b181-225057f0c3ea"}]},{"components":[{"id":"c3554ac5-af9b-4719-a22c-fd7b603a1fe0","type":{"id":"7bdd3d3d-3a0b-45b7-9c2a-267fdca27a68"},"elements":[{"element":{"id":"d06f3448-61bf-4e28-8f98-81d4ee3c5c72"},"value":[{"id":"a029df6c-f344-46cb-a43a-05948ab85fc8"}]},{"element":{"id":"edfcd164-9a8b-4db8-b736-77add5ca930e"},"value":"Simply007"}]},{"id":"4e49b7ce-3ca4-4e10-8a40-c42e0cce5377","type":{"id":"7bdd3d3d-3a0b-45b7-9c2a-267fdca27a68"},"elements":[{"element":{"id":"d06f3448-61bf-4e28-8f98-81d4ee3c5c72"},"value":[{"id":"324503fa-05eb-4a2b-9155-80587b5915a9"}]},{"element":{"id":"edfcd164-9a8b-4db8-b736-77add5ca930e"},"value":"ChrastinaOndrej"}]}],"element":{"id":"672a4091-95d8-45ba-939a-be96b565c9f1"},"value":"<p>Ahoj, jmenuji se Ondřej a pracuju jako Developer Advocate v Developer Relations týmu s <a data-item-id=\"48aa7306-a7d0-4278-9e3a-2ac91f58cda1\">Petrem Švihlíkem</a>.<br/>\n<br/>\nMám rád GitHub!</p>\n<figure data-asset-id=\"464a69a0-318e-4113-bb7d-f8a175a57224\"><img src=\"#\" data-asset-id=\"464a69a0-318e-4113-bb7d-f8a175a57224\"></figure>\n<p><br/>\nThere is my social presence:</p>\n<object type=\"application/kenticocloud\" data-type=\"component\" data-id=\"c3554ac5-af9b-4719-a22c-fd7b603a1fe0\"></object>\n<object type=\"application/kenticocloud\" data-type=\"component\" data-id=\"4e49b7ce-3ca4-4e10-8a40-c42e0cce5377\"></object>\n<p><br/></p>"},{"element":{"id":"5827e322-8368-49a4-9e65-c89417b92360"},"value":[{"id":"c0c63659-ced0-4622-9430-62ca29545aa2"},{"id":"9b7c7311-11ad-4300-93a3-08d5439c0e47"}]}],"workflow_step":{"id":"c199950d-99f0-4983-b711-6c4c91624b22"},"item":{"id":"d3b237ec-24b1-4e07-aa36-798c2c184a60"},"language":{"id":"3934ff29-c593-41e0-bbd3-3dacce6cd9ae"},"last_modified":"2020-06-15T08:19:17.8955973Z"},{"elements":[{"element":{"id":"b739781c-3375-4dc8-b0b7-ab76e3885fe6"},"value":"John"},{"element":{"id":"e286606a-6e30-4560-b7a1-129e183f9bd6"},"value":"Doe"},{"element":{"id":"3466fcc6-78a2-4638-8cbc-e5e4cb948905"},"value":"2016-02-29T00:00:00Z"},{"mode":"autogenerated","element":{"id":"c28c6820-eb73-45c1-9aff-2c5520aca590"},"value":"doe"},{"element":{"id":"45f193eb-3d04-4fd9-944a-33203ac409be"},"value":[{"id":"b123c6f9-a2b9-4939-923a-5cc75cd4839d"}]},{"element":{"id":"f60944dc-60c2-4a49-84e7-a30cbfe7d11f"},"value":[{"id":"5d2c2223-2cf1-4217-b181-225057f0c3ea"}]},{"components":[],"element":{"id":"672a4091-95d8-45ba-939a-be96b565c9f1"},"value":"<p>I like to do web sites.</p>\n<p><br/></p>\n<p>On some projects, he was cooperating with&nbsp;<a data-item-id=\"d3b237ec-24b1-4e07-aa36-798c2c184a60\">Ondřej Chrastina</a>.</p>\n<p>You could take a look at their&nbsp;<a href=\"https://example.com\" title=\"sample link\">latest project</a>.</p>"},{"element":{"id":"5827e322-8368-49a4-9e65-c89417b92360"},"value":[]}],"workflow_step":{"id":"c199950d-99f0-4983-b711-6c4c91624b22"},"item":{"id":"c2ba66cf-32fa-41a4-95d2-2ed1120a6519"},"language":{"id":"00000000-0000-0000-0000-000000000000"},"last_modified":"2020-06-13T18:37:35.868148Z"}]